domain,backbone,draw,n_sub,auroc,cond_prec,shrinkage
skin_isic_pad,resnet18,0,1896,0.9340561966476819,759712754167.4128,0.0020015833423663344
skin_isic_pad,resnet18,1,1896,0.9252537687649094,27591782298.907097,0.0019180428758586098
skin_isic_pad,resnet18,2,1896,0.9385273069170308,3238082666.9824233,0.0019334768716184375
skin_isic_pad,resnet18,3,1896,0.9345296879016222,224447084664.97977,0.0018997008398790813
skin_isic_pad,resnet18,4,1896,0.9350279810783876,3086467981.805678,0.0019279926773975566
skin_isic_pad,resnet18,5,1896,0.9256370712085751,60086681765.45813,0.0019392532091489696
skin_isic_pad,resnet18,6,1896,0.9295873410985898,14221837762.018694,0.0019030103833022676
skin_isic_pad,resnet18,7,1896,0.9388204205504223,32449939927.38598,0.0019091606226511214
skin_isic_pad,resnet18,8,1896,0.9369895877018539,6160228898.78823,0.001899723863199172
skin_isic_pad,resnet18,9,1896,0.9338352340625099,6740550970.669608,0.0019419547638792986
skin_isic_pad,resnet18,10,1896,0.9315128721979464,12239655711.68925,0.0019093440402302598
skin_isic_pad,resnet18,11,1896,0.9292491330600612,4390240777.073377,0.001993064359836198
skin_isic_pad,resnet18,12,1896,0.929555775014994,3466912685.469823,0.0019457571672985806
skin_isic_pad,resnet18,13,1896,0.9321171372267842,1023958303.5137689,0.001980624117070339
skin_isic_pad,resnet18,14,1896,0.9348453487375821,88413763700.76079,0.001970073328343545
skin_isic_pad,resnet18,15,1896,0.932229873239627,2653131844.459223,0.0019629288792080584
skin_isic_pad,resnet18,16,1896,0.9410841596883074,4527340807.354926,0.0019067826492776573
skin_isic_pad,resnet18,17,1896,0.9305050122431311,2943700284.2959957,0.0019402303900579374
skin_isic_pad,resnet18,18,1896,0.9276302439156373,3792220371.4629626,0.001932152441811311
skin_isic_pad,resnet18,19,1896,0.9290529723977146,1420595895.6511629,0.0018787340432405884
skin_isic_pad,resnet50,0,1896,0.9685353788155503,42737758598.87572,0.0021144103428868896
skin_isic_pad,resnet50,1,1896,0.9683572559152586,300684349560.73474,0.00205908853265008
skin_isic_pad,resnet50,2,1896,0.9648083262309646,42166225969.062035,0.00208768323399847
skin_isic_pad,resnet50,3,1896,0.9671239239347574,33661544213.608788,0.002039046574971188
skin_isic_pad,resnet50,4,1896,0.9679130760246576,586875967240.9822,0.0020881443980379634
skin_isic_pad,resnet50,5,1896,0.9672479335488846,212703302453.48453,0.002075570932063554
skin_isic_pad,resnet50,6,1896,0.9642153348034112,82744513917.19945,0.0021022426078444434
skin_isic_pad,resnet50,7,1896,0.9632931542183562,249286907094.78726,0.002001698065151021
skin_isic_pad,resnet50,8,1896,0.9685398882560641,86186093222.70433,0.0020401116929235105
skin_isic_pad,resnet50,9,1896,0.9680957083654631,64511333542.590225,0.0019915211926483335
skin_isic_pad,resnet50,10,1896,0.9680348309185278,27242488126.326683,0.0020733354989695553
skin_isic_pad,resnet50,11,1896,0.9679649345905654,53171695535.16692,0.0020363521189330925
skin_isic_pad,resnet50,12,1896,0.9678138683333558,53804745833.63717,0.0020708642722173363
skin_isic_pad,resnet50,13,1896,0.9714372037861262,85390326806.87617,0.0020219337327083836
skin_isic_pad,resnet50,14,1896,0.9713019205707148,33143986912.31578,0.002030371313208338
skin_isic_pad,resnet50,15,1896,0.9671397069765554,57292487915.72929,0.0020787686983320982
skin_isic_pad,resnet50,16,1896,0.9672659713109395,105416959844.47786,0.0021224835554310615
skin_isic_pad,resnet50,17,1896,0.9650946757035854,42328104827.22906,0.0021293567358215593
skin_isic_pad,resnet50,18,1896,0.9632503145334758,150319084599.62842,0.002070500290291194
skin_isic_pad,resnet50,19,1896,0.9680709064426376,115698570045.9534,0.0020158906088961225
skin_isic_pad,effb3,0,1896,0.9451787316747611,9334882858.898184,0.010842220468390337
skin_isic_pad,effb3,1,1896,0.9502090125678107,14083930910.322165,0.01172326837788411
skin_isic_pad,effb3,2,1896,0.9486284536677534,10675533424.108257,0.011321785176123481
skin_isic_pad,effb3,3,1896,0.9462046293916313,6119998218.013825,0.011173310844343377
skin_isic_pad,effb3,4,1896,0.9447435706651875,5533137375.981458,0.01100127696662986
skin_isic_pad,effb3,5,1896,0.9494987756869006,29667779901.153816,0.010806736503188835
skin_isic_pad,effb3,6,1896,0.9459656290444045,8712412941.619772,0.011430731484282383
skin_isic_pad,effb3,7,1896,0.949379275513287,7545985875.615133,0.010840491215094315
skin_isic_pad,effb3,8,1896,0.9496949363492471,10190492367.951025,0.01162611783387675
skin_isic_pad,effb3,9,1896,0.943659050221639,7652940957.836629,0.011383988556890571
skin_isic_pad,effb3,10,1896,0.9450975617455142,8171836482.778097,0.011356962986145571
skin_isic_pad,effb3,11,1896,0.9465653846327285,11166929420.589893,0.011386318435213484
skin_isic_pad,effb3,12,1896,0.9435102386846864,13110891945.796017,0.011207846346290648
skin_isic_pad,effb3,13,1896,0.9445383911218134,24574307882.24877,0.011121441937714869
skin_isic_pad,effb3,14,1896,0.9487862840857335,22417161527.91084,0.011276808766352547
skin_isic_pad,effb3,15,1896,0.9490951807609231,13876163199.434849,0.011111561742648513
skin_isic_pad,effb3,16,1896,0.9449870804529282,18301242866.52082,0.0115060779382264
skin_isic_pad,effb3,17,1896,0.9475010935393245,50238474737.52492,0.011257354465014201
skin_isic_pad,effb3,18,1896,0.9478054807740004,27925658279.26892,0.0113438953442633
skin_isic_pad,effb3,19,1896,0.9481662360150976,66920641015.82203,0.011400369558717465
camelyon17,resnet18,0,1896,0.9469197226046089,6.267563029043922e+57,0.0001973632541018726
camelyon17,resnet18,1,1896,0.9479528967756949,4.296219551661362e+57,0.0001981577814151984
camelyon17,resnet18,2,1896,0.9376449079408378,4.7667381761922106e+57,0.00019820443157372001
camelyon17,resnet18,3,1896,0.93612030457801,3.139797155031706e+58,0.0002020987738700506
camelyon17,resnet18,4,1896,0.9460090510612441,2.8141579591384807e+57,0.00019907781754718946
camelyon17,resnet18,5,1896,0.9262293755088437,7.518050108497151e+57,0.00019322741774633215
camelyon17,resnet18,6,1896,0.9435165783902328,1.3260385110547563e+57,0.00020510179018631537
camelyon17,resnet18,7,1896,0.9424096895688759,2.368709400274343e+58,0.00018357959372906313
camelyon17,resnet18,8,1896,0.9487006240906535,1.920811414399402e+58,0.00020757848106145593
camelyon17,resnet18,9,1896,0.9307102839847687,3.661104106208479e+57,0.00020173332682264718
camelyon17,resnet18,10,1896,0.9444099694934045,1.4162617604152594e+57,0.00020829731835332772
camelyon17,resnet18,11,1896,0.9374725568721636,2.2467879659503008e+58,0.0001935981364464865
camelyon17,resnet18,12,1896,0.9381116105009415,8.036719460781393e+57,0.0001982216982143676
camelyon17,resnet18,13,1896,0.9323319878981461,5.948514066392976e+57,0.0002040531784007764
camelyon17,resnet18,14,1896,0.9349982814675711,8.474352781970113e+57,0.00019420912397211926
camelyon17,resnet18,15,1896,0.9436077980453168,1.7626176385668384e+58,0.00019318949699151548
camelyon17,resnet18,16,1896,0.9458602861091991,1.0807163065138783e+58,0.00020400508770179336
camelyon17,resnet18,17,1896,0.9410270143740695,5.099340257355317e+57,0.00019579935380123988
camelyon17,resnet18,18,1896,0.9447455329717898,5.871932400322075e+57,0.00020017790372953912
camelyon17,resnet18,19,1896,0.9390588575250784,4.5772073377221704e+58,0.00019447460728389107
camelyon17,resnet50,0,1896,0.8903867640015445,inf,0.0002410873371244015
camelyon17,resnet50,1,1896,0.8859072600179153,inf,0.00022910643498187447
camelyon17,resnet50,2,1896,0.8892666672071166,inf,0.00023845724032450202
camelyon17,resnet50,3,1896,0.8881947160512456,inf,0.00022703811269129018
camelyon17,resnet50,4,1896,0.89174324028263,inf,0.0002436951086739541
camelyon17,resnet50,5,1896,0.8827584520517611,inf,0.0002470707744309683
camelyon17,resnet50,6,1896,0.8859338851139456,inf,0.00023914292529504511
camelyon17,resnet50,7,1896,0.8991847505530595,inf,0.0002319333133960523
camelyon17,resnet50,8,1896,0.8863016580254013,inf,0.0002293011103786436
camelyon17,resnet50,9,1896,0.886555623619383,inf,0.00023481688810902802
camelyon17,resnet50,10,1896,0.8917354400778494,inf,0.0002439349069400351
camelyon17,resnet50,11,1896,0.8874379931890988,inf,0.0002205871025686047
camelyon17,resnet50,12,1896,0.8920576093802064,inf,0.00023376206221918297
camelyon17,resnet50,13,1896,0.8808477509891844,inf,0.0002424313037129852
camelyon17,resnet50,14,1896,0.8836873093004955,inf,0.0002359730047757535
camelyon17,resnet50,15,1896,0.8878315111555155,inf,0.00024561346283088077
camelyon17,resnet50,16,1896,0.9053718314702855,inf,0.00023295760572095915
camelyon17,resnet50,17,1896,0.8787557393952319,inf,0.0002338191919786341
camelyon17,resnet50,18,1896,0.8981884464943297,inf,0.0002293109546886763
camelyon17,resnet50,19,1896,0.888302508470185,inf,0.00024086112849030166
camelyon17,effb3,0,1896,0.8680018934475981,8.053002246458221e+26,0.00034130699863627387
camelyon17,effb3,1,1896,0.8683525570574208,9.671579585922753e+26,0.00034420044680648473
camelyon17,effb3,2,1896,0.8668871392591841,1.9039842673351485e+26,0.00035340498634985133
camelyon17,effb3,3,1896,0.8838256397050764,9.283769193621621e+26,0.00034982859070780255
camelyon17,effb3,4,1896,0.8743602647948286,2.425823953379556e+27,0.00033189837080297243
camelyon17,effb3,5,1896,0.8718272053093494,2.7545847733023033e+26,0.0003546565547177426
camelyon17,effb3,6,1896,0.8720637804580043,1.1337706689894236e+27,0.0003562900158858872
camelyon17,effb3,7,1896,0.8761187811120092,6.1694412694850884e+26,0.0003544979222158127
camelyon17,effb3,8,1896,0.8746302300048994,2.309067671636146e+26,0.00034572531476604766
camelyon17,effb3,9,1896,0.8623063438447139,4.067879729552309e+26,0.00033300399042392653
camelyon17,effb3,10,1896,0.8668166305228568,4.042228594378618e+26,0.0003414316811737263
camelyon17,effb3,11,1896,0.8733926088405507,3.69386395093829e+26,0.0003427201754417599
camelyon17,effb3,12,1896,0.8810640387738808,3.555720905908472e+26,0.00036391563890438434
camelyon17,effb3,13,1896,0.8682383274113201,8.827661821957843e+26,0.00034260389223388093
camelyon17,effb3,14,1896,0.8694385752073429,2.5432639474041852e+26,0.0003362165311447736
camelyon17,effb3,15,1896,0.8780795056077815,1.1799105988695162e+26,0.0003344561245337402
camelyon17,effb3,16,1896,0.8598897948601845,2.88253792784284e+26,0.0003474730003839934
camelyon17,effb3,17,1896,0.8570298332240895,4.109739779241075e+26,0.0003463756175799682
camelyon17,effb3,18,1896,0.8799704849219676,4.8910952970957084e+26,0.00034775544337431273
camelyon17,effb3,19,1896,0.8763381320492096,4.557674066713365e+26,0.00035204580018594116
